"from","to"
"van-der-klaauw bas b","sonnemans joep j"
"van-der-klaauw bas b","leuven edwin e"
"van-der-klaauw bas b","lindeboom maarten m"
"van-der-klaauw bas b","oosterbeek hessel h"
"van-der-klaauw bas b","lundborg petter p"
"van-der-klaauw bas b","van-vuuren aico ap"
"bago-duva teresa t","odonnell owen o"
"bago-duva teresa t","van-doorslaer eddy eka"
"bago-duva teresa t","lindeboom maarten m"
"bun maurice mjg","klaassen franc fjgm"
"gautier pieter pa","teulings coen cn"
"gautier pieter pa","van-vuuren aico ap"
"gradus raymond rhjm","dijkgraaf elbert e"
"van-den-brink rene r","van-der-laan gerard g"
"hartog joop ja","webbink dinand d"
"hartog joop ja","van-praag mirjam cm"
"hartog joop ja","jacobs bas b"
"bettendorf leon ljh","dijkgraaf elbert e"
"bettendorf leon ljh","de-mooij ruud ra"
"van-wijnbergen sweder sjg","jacobs bas b"
"lucas andre a","koopman siem sj"
"lucas andre a","menkveld albert aj"
"swank otto oh","dominguez-martinez silvia s"
"swank otto oh","visser bauke b"
"odonnell owen o","van-doorslaer eddy eka"
"odonnell owen o","lindeboom maarten m"
"odonnell owen o","van-kippersluis hans h"
"webbink dinand d","leuven edwin e"
"webbink dinand d","jacobs bas b"
"webbink dinand d","oosterbeek hessel h"
"florax raymond rjgm","de-groot henri hlf"
"florax raymond rjgm","rietveld piet p"
"diks cees cgh","hommes cars ch"
"diks cees cgh","van-dijk dick d"
"offerman theo t","sonnemans joep j"
"offerman theo t","sloof randolph r"
"offerman theo t","onderstal sander s"
"offerman theo t","wakker peter pp"
"janssen maarten mcw","bijwaard govert ge"
"janssen maarten mcw","karamychev vladimir va"
"mcaleer michael m","franses philip ph"
"koopman siem sj","van-der-wel m"
"koopman siem sj","menkveld albert aj"
"driessen joost j","de-jong frank f"
"driessen joost j","perotti enrico ec"
"fok dennis d","paap richard r"
"fok dennis d","franses philip ph"
"fok dennis d","stremersch stefan s"
"van-reeven peran p","karamychev vladimir va"
"dijkgraaf elbert e","vollebergh herman hrj"
"hinloopen jeroen j","van-marrewijk charles c"
"hinloopen jeroen j","soetevent adriaan ar"
"van-stel andre a","hessels jolanda sja"
"van-stel andre a","thurik roy ar"
"rouwendal jan j","nijkamp peter pj"
"pels eric e","verhoef erik et"
"pels eric e","rietveld piet p"
"delfgaauw josse j","dur robert raj"
"sonnemans joep j","hommes cars ch"
"sonnemans joep j","sloof randolph r"
"sonnemans joep j","schram arthur ajhc"
"sonnemans joep j","leuven edwin e"
"sonnemans joep j","oosterbeek hessel h"
"sonnemans joep j","tuinstra jan j"
"sonnemans joep j","wakker peter pp"
"van-winden frans faam","kocher martin mg"
"van-winden frans faam","tuinstra jan j"
"de-groot henri hlf","verhoef erik et"
"de-groot henri hlf","mulder peter p"
"de-groot henri hlf","nijkamp peter pj"
"seldeslachts jo j","pennings enrico e"
"hommes cars ch","boswijk peter hp"
"hommes cars ch","tuinstra jan j"
"hommes cars ch","wagener florian foo"
"van-den-berg gerard gj","lindeboom maarten m"
"van-den-berg gerard gj","portrait france f"
"van-den-berg gerard gj","van-vuuren aico ap"
"sloof randolph r","van-praag mirjam cm"
"sloof randolph r","oosterbeek hessel h"
"houba harold h","van-der-laan dinard d"
"booij adam as","van-praag bernard bms"
"vollebergh herman hrj","van-soest daan dp"
"post thierry t","baltussen guido g"
"post thierry t","van-den-assem martijn mj"
"schram arthur ajhc","onderstal sander s"
"schram arthur ajhc","gerxhani klarita k"
"dominguez-martinez silvia s","visser bauke b"
"hessels jolanda sja","thurik roy ar"
"hessels jolanda sja","van-der-zwan peter p"
"verhoef erik et","van-den-bergh jeroen jcjm"
"verhoef erik et","rietveld piet p"
"verhoef erik et","nijkamp peter pj"
"keyzer michiel ma","van-wesenbeeck lia l"
"garcia-gomez pilar p","lindeboom maarten m"
"dari-mattiacci giuseppe g","onderstal sander s"
"boswijk peter hp","van-dijk dick d"
"boswijk peter hp","franses philip ph"
"paap richard r","van-dijk dick d"
"paap richard r","franses philip ph"
"paap richard r","viaene jean jm"
"leuven edwin e","oosterbeek hessel h"
"smit han htj","van-bekkum sjoerd s"
"smit han htj","pennings enrico e"
"van-den-bergh jeroen jcjm","rietveld piet p"
"van-den-bergh jeroen jcjm","withagen cees caam"
"van-den-bergh jeroen jcjm","van-ommeren jos jn"
"van-dijk dick d","franses philip ph"
"van-dijk dick d","spronk jaap j"
"hoogerheide lennart lf","van-dijk herman hk"
"giuliodori massimo m","beetsma roel rmwj"
"giuliodori massimo m","klaassen franc fjgm"
"schinkel maarten mp","tuinstra jan j"
"donkers bas b","franses philip ph"
"donkers bas b","de-jong martijn mg"
"donkers bas b","stremersch stefan s"
"rietveld piet p","nijkamp peter pj"
"rietveld piet p","van-ommeren jos jn"
"lemmens aurelie a","stremersch stefan s"
"van-doorslaer eddy eka","lindeboom maarten m"
"van-doorslaer eddy eka","van-kippersluis hans h"
"van-doorslaer eddy eka","van-ourti tom t"
"van-praag mirjam cm","oosterbeek hessel h"
"van-praag mirjam cm","van-praag bernard bms"
"franses philip ph","van-dijk herman hk"
"lindeboom maarten m","portrait france f"
"lindeboom maarten m","lundborg petter p"
"elbers chris c","gunning jan jw"
"rohde kirsten kim","wakker peter pp"
"rohde kirsten kim","bleichrodt han h"
"ferrer-i-carbonell ada a","van-praag bernard bms"
"jacobs bas b","de-mooij ruud ra"
"van-bekkum sjoerd s","pennings enrico e"
"tuinstra jan j","wagener florian foo"
"beetsma roel rmwj","klaassen franc fjgm"
"beetsma roel rmwj","romp ward we"
"wakker peter pp","bleichrodt han h"
"thurik roy ar","van-der-zwan peter p"
"van-kippersluis hans h","van-ourti tom t"
"teulings coen cn","van-vuuren aico ap"
